label_id	anchor_x	anchor_y	anchor_z	bb_min_x	bb_min_y	bb_min_z	bb_max_x	bb_max_y	bb_max_z	n_pixels
0.0	6.812343255847403	7.707364162105226	1.0858311836587093	4.8	5.76	0.0	8.63	9.59	3.064	24251112.0
1.0	0.0	0.0	0.0	1.7976931348623156e+306	1.7976931348623156e+306	1.4381545078898524e+306	0.0	0.0	0.0	0.0
2.0	6.552213122678976	7.691781668806923	0.6826389282509222	5.15	6.55	0.088	7.86	9.28	2.336	4033780.0
3.0	5.173333333333334	8.073333333333334	0.256	5.17	8.07	0.256	5.18	8.08	0.256	3.0
4.0	5.232650602409639	7.991927710843373	0.2586987951807229	5.18	7.96	0.24	5.28	8.02	0.28	83.0
5.0	5.215	7.79	0.112	5.21	7.79	0.112	5.22	7.79	0.112	2.0
6.0	5.236000000000001	8.402000000000001	0.20800000000000002	5.23	8.39	0.20800000000000002	5.24	8.41	0.20800000000000002	5.0
7.0	5.29	7.99	0.232	5.29	7.99	0.232	5.29	7.99	0.232	1.0
8.0	5.336666666666666	7.661111111111111	0.10400000000000001	5.32	7.65	0.10400000000000001	5.3500000000000005	7.67	0.10400000000000001	9.0
9.0	5.38	7.9	0.9440000000000001	5.38	7.9	0.9440000000000001	5.38	7.9	0.9440000000000001	1.0
10.0	5.388181818181819	8.226363636363637	0.5309090909090909	5.38	8.21	0.528	5.4	8.24	0.536	11.0
11.0	5.39	7.91	0.9520000000000001	5.39	7.91	0.9520000000000001	5.39	7.91	0.9520000000000001	1.0
12.0	5.39	7.92	0.96	5.39	7.92	0.96	5.39	7.92	0.96	1.0
13.0	5.39	8.1	0.152	5.39	8.1	0.152	5.39	8.1	0.152	1.0
14.0	5.405	8.09	0.84	5.4	8.09	0.84	5.41	8.09	0.84	2.0
15.0	5.47	8.4	0.648	5.46	8.39	0.648	5.48	8.41	0.648	7.0
16.0	5.48	8.215	0.528	5.48	8.21	0.528	5.48	8.22	0.528	2.0
17.0	5.493333333333334	8.403333333333334	0.2	5.49	8.4	0.2	5.5	8.41	0.2	3.0
18.0	5.565873015873016	7.316746031746032	0.16323809523809527	5.5	7.29	0.136	5.67	7.3500000000000005	0.184	126.0
19.0	5.5	8.41	0.20800000000000002	5.5	8.41	0.20800000000000002	5.5	8.41	0.20800000000000002	1.0
20.0	5.51	8.39	0.2	5.51	8.39	0.2	5.51	8.39	0.2	1.0
21.0	5.51	8.4	0.20800000000000002	5.51	8.4	0.20800000000000002	5.51	8.4	0.20800000000000002	1.0
22.0	5.590642857142857	7.9992857142857146	0.6241142857142855	5.5600000000000005	7.92	0.6	5.63	8.06	0.656	140.0
23.0	5.60775	6.975071428571429	0.26545714285714284	5.57	6.94	0.232	5.66	7.01	0.296	280.0
24.0	5.605054945054945	7.79010989010989	0.6557362637362637	5.58	7.7700000000000005	0.64	5.63	7.82	0.68	91.0
25.0	5.59	7.4	0.41600000000000004	5.59	7.4	0.41600000000000004	5.59	7.4	0.41600000000000004	1.0
26.0	5.6025	8.6525	0.2	5.59	8.65	0.2	5.61	8.66	0.2	4.0
27.0	5.628613861386139	8.723168316831684	0.34760396039603964	5.6000000000000005	8.69	0.296	5.67	8.75	0.392	202.0
28.0	5.61	6.92	0.128	5.61	6.92	0.128	5.61	6.92	0.128	1.0
29.0	5.6490625	7.8428125	0.20175	5.62	7.83	0.192	5.68	7.86	0.216	32.0
30.0	5.62	8.42	0.4	5.62	8.42	0.4	5.62	8.42	0.4	1.0
31.0	5.644237288135594	7.433898305084746	0.1962033898305085	5.63	7.37	0.168	5.66	7.46	0.232	59.0
32.0	5.685272727272727	8.15722077922078	0.7549922077922081	5.63	8.09	0.72	5.73	8.22	0.784	385.0
33.0	5.63	8.6	0.20800000000000002	5.63	8.6	0.20800000000000002	5.63	8.6	0.20800000000000002	1.0
34.0	5.653333333333334	8.556666666666667	0.616	5.65	8.55	0.616	5.66	8.56	0.616	3.0
35.0	5.67	8.794	0.2384	5.66	8.790000000000001	0.232	5.68	8.8	0.24	5.0
36.0	5.693333333333334	8.260416666666666	0.8290000000000001	5.67	8.24	0.8160000000000001	5.71	8.28	0.8320000000000001	24.0
37.0	5.68	7.73	0.728	5.68	7.73	0.728	5.68	7.73	0.728	1.0
38.0	5.698235294117648	8.705882352941178	0.2564705882352942	5.68	8.69	0.248	5.72	8.72	0.264	17.0
39.0	5.696666666666666	8.223333333333334	0.84	5.69	8.22	0.84	5.7	8.23	0.84	3.0
40.0	5.715	7.76	0.152	5.71	7.75	0.152	5.72	7.7700000000000005	0.152	4.0
41.0	5.7263636363636365	7.757272727272728	0.7650909090909092	5.71	7.74	0.76	5.74	7.7700000000000005	0.768	11.0
42.0	5.724285714285714	7.281428571428571	0.3668571428571428	5.72	7.2700000000000005	0.36	5.73	7.29	0.368	7.0
43.0	5.728888888888889	7.482222222222222	0.21777777777777776	5.72	7.47	0.20800000000000002	5.74	7.49	0.224	9.0
44.0	5.72	7.7	0.456	5.72	7.7	0.456	5.72	7.7	0.456	1.0
45.0	5.725714285714286	8.47857142857143	0.7657142857142857	5.72	8.47	0.76	5.74	8.49	0.768	7.0
46.0	5.742999999999999	8.677285714285714	0.48765714285714284	5.72	8.66	0.448	5.7700000000000005	8.700000000000001	0.504	70.0
47.0	5.73	8.68	0.24	5.72	8.68	0.24	5.74	8.68	0.24	3.0
48.0	5.768684210526316	7.94859649122807	0.8338947368421054	5.73	7.890000000000001	0.8240000000000001	5.8	8.03	0.84	114.0
49.0	5.770895522388059	8.182089552238805	0.6262686567164182	5.75	8.16	0.608	5.79	8.2	0.648	67.0
50.0	5.7906666666666675	7.882666666666666	0.848	5.7700000000000005	7.87	0.848	5.8100000000000005	7.9	0.848	15.0
51.0	5.785	7.54	1.1520000000000001	5.78	7.54	1.1520000000000001	5.79	7.54	1.1520000000000001	2.0
52.0	5.783333333333334	8.553333333333335	0.40800000000000003	5.78	8.55	0.40800000000000003	5.79	8.56	0.40800000000000003	3.0
53.0	5.846237113402062	7.433247422680413	1.1893195876288662	5.79	7.390000000000001	1.12	5.9	7.48	1.248	388.0
54.0	5.815	8.17157894736842	0.7667368421052632	5.79	8.15	0.76	5.8500000000000005	8.19	0.776	38.0
55.0	5.820322580645161	7.266451612903226	0.5292903225806449	5.8	7.25	0.52	5.8500000000000005	7.29	0.536	31.0
56.0	5.840641025641026	7.366410256410257	0.3753333333333333	5.8100000000000005	7.3	0.352	5.86	7.44	0.4	156.0
57.0	5.818	7.846	0.856	5.8100000000000005	7.84	0.856	5.83	7.8500000000000005	0.856	5.0
58.0	5.8325000000000005	7.3875	0.5284999999999999	5.82	7.37	0.52	5.84	7.4	0.536	16.0
59.0	5.831739130434783	7.654347826086957	0.7634782608695653	5.82	7.63	0.752	5.84	7.68	0.776	23.0
60.0	5.83	8.465	0.128	5.83	8.46	0.128	5.83	8.47	0.128	2.0
61.0	5.850526315789474	7.37	0.4513684210526316	5.84	7.36	0.44	5.86	7.38	0.464	19.0
62.0	5.84	8.42	0.10400000000000001	5.84	8.42	0.10400000000000001	5.84	8.42	0.10400000000000001	1.0
63.0	5.853076923076923	7.4253846153846155	0.25046153846153846	5.8500000000000005	7.41	0.24	5.86	7.44	0.264	13.0
64.0	5.8751162790697675	8.1	1.264	5.8500000000000005	8.07	1.256	5.9	8.13	1.272	43.0
65.0	5.8500000000000005	8.43	0.10400000000000001	5.8500000000000005	8.43	0.10400000000000001	5.8500000000000005	8.43	0.10400000000000001	1.0
66.0	5.8637500000000005	8.91275	0.2388	5.8500000000000005	8.88	0.232	5.88	8.94	0.248	40.0
67.0	5.865	7.48	1.216	5.86	7.48	1.216	5.87	7.48	1.216	2.0
68.0	5.86	8.63	0.168	5.86	8.63	0.168	5.86	8.63	0.168	1.0
69.0	5.86	8.64	0.16	5.86	8.64	0.16	5.86	8.64	0.16	1.0
70.0	5.907985074626866	8.714626865671642	0.2814925373134328	5.86	8.69	0.24	5.93	8.74	0.312	134.0
71.0	5.87	8.15	0.76	5.87	8.15	0.76	5.87	8.15	0.76	1.0
72.0	5.89	8.611578947368422	0.15663157894736848	5.87	8.59	0.152	5.91	8.63	0.168	19.0
73.0	5.897857142857143	8.079642857142856	1.0742857142857143	5.88	8.06	1.064	5.92	8.1	1.08	28.0
74.0	5.88	8.14	0.76	5.88	8.14	0.76	5.88	8.14	0.76	1.0
75.0	5.89	8.34	0.5760000000000001	5.89	8.34	0.5760000000000001	5.89	8.34	0.5760000000000001	1.0
76.0	5.9	7.41	0.616	5.9	7.41	0.616	5.9	7.41	0.616	1.0
77.0	5.9	8.22	1.072	5.9	8.22	1.072	5.9	8.22	1.072	1.0
78.0	5.905	8.23	1.08	5.9	8.22	1.08	5.91	8.24	1.08	4.0
79.0	5.9	8.955	0.192	5.9	8.950000000000001	0.192	5.9	8.96	0.192	2.0
80.0	5.91	8.975	0.192	5.91	8.97	0.192	5.91	8.98	0.192	2.0
81.0	5.95078947368421	7.567631578947369	0.4056842105263158	5.92	7.55	0.4	5.98	7.59	0.41600000000000004	38.0
82.0	5.92	7.59	0.968	5.92	7.59	0.968	5.92	7.59	0.968	1.0
83.0	5.935555555555555	7.475555555555555	0.9857777777777779	5.93	7.46	0.984	5.94	7.49	0.992	9.0
84.0	5.94125	7.60375	0.9625	5.93	7.58	0.96	5.96	7.62	0.968	16.0
85.0	5.986236559139785	8.502322580645163	0.5489720430107528	5.93	8.43	0.48	6.1000000000000005	8.57	0.584	465.0
86.0	5.9350000000000005	8.55	0.76	5.93	8.55	0.76	5.94	8.55	0.76	2.0
87.0	5.9591111111111115	8.706333333333333	0.20906666666666668	5.93	8.68	0.192	5.99	8.73	0.232	90.0
88.0	5.952000000000001	7.694	0.768	5.94	7.69	0.768	5.96	7.7	0.768	5.0
89.0	5.94	8.3	0.504	5.94	8.3	0.504	5.94	8.3	0.504	1.0
90.0	5.964761904761905	7.35952380952381	0.44647619047619047	5.95	7.34	0.44	5.98	7.38	0.456	21.0
91.0	5.96	7.855	0.768	5.95	7.8500000000000005	0.768	5.97	7.86	0.768	6.0
92.0	5.967368421052631	8.128421052631579	0.6507368421052632	5.95	8.11	0.632	5.98	8.15	0.664	38.0
93.0	5.972857142857143	8.61357142857143	0.5302857142857144	5.95	8.6	0.528	6.0	8.63	0.536	14.0
94.0	5.989	7.2302	0.6099200000000002	5.96	7.19	0.6	6.01	7.26	0.616	50.0
95.0	5.96	8.58	0.544	5.96	8.58	0.544	5.96	8.58	0.544	1.0
96.0	5.97	7.5600000000000005	1.24	5.97	7.5600000000000005	1.24	5.97	7.5600000000000005	1.24	1.0
97.0	5.97	7.59	1.248	5.97	7.59	1.248	5.97	7.59	1.248	1.0
98.0	6.012475247524752	7.5357425742574256	0.939960396039604	5.98	7.51	0.928	6.04	7.57	0.96	101.0
99.0	5.985	7.68	0.728	5.98	7.68	0.728	5.99	7.68	0.728	2.0
100.0	6.042673611111111	8.506458333333335	0.2826666666666669	5.98	8.46	0.24	6.1000000000000005	8.55	0.34400000000000003	288.0
101.0	6.084821428571428	7.550947802197802	0.18829670329670334	6.0	7.390000000000001	0.12	6.16	7.66	0.336	1456.0
102.0	6.033895348837209	8.184593023255813	0.7666976744186046	6.0	8.13	0.752	6.07	8.25	0.784	172.0
103.0	6.0375000000000005	7.6509375	0.964	6.01	7.63	0.96	6.0600000000000005	7.68	0.968	32.0
104.0	6.049204545454545	8.03340909090909	1.1126363636363639	6.01	7.99	1.104	6.1000000000000005	8.09	1.12	88.0
105.0	6.046628571428571	8.1892	0.36799999999999994	6.01	8.16	0.32	6.08	8.22	0.41600000000000004	175.0
106.0	6.034146341463415	7.519268292682926	0.455609756097561	6.0200000000000005	7.5	0.44	6.05	7.54	0.47200000000000003	41.0
107.0	6.0200000000000005	7.8100000000000005	0.616	6.0200000000000005	7.8100000000000005	0.616	6.0200000000000005	7.8100000000000005	0.616	1.0
108.0	6.03	7.63	1.08	6.03	7.63	1.08	6.03	7.63	1.08	1.0
109.0	6.049375	7.663125	0.8980000000000001	6.03	7.65	0.896	6.0600000000000005	7.68	0.904	16.0
110.0	6.103981981981982	7.939225225225226	0.7710846846846847	6.04	7.74	0.744	6.19	8.05	0.8320000000000001	555.0
111.0	6.04	8.24	0.744	6.04	8.24	0.744	6.04	8.24	0.744	1.0
112.0	6.05	7.7	0.728	6.05	7.7	0.728	6.05	7.7	0.728	1.0
113.0	6.094301075268817	8.461863799283154	0.763383512544803	6.05	8.38	0.744	6.15	8.52	0.784	279.0
114.0	6.066666666666666	7.693333333333334	0.736	6.0600000000000005	7.69	0.736	6.07	7.7	0.736	3.0
115.0	6.0600000000000005	7.71	0.728	6.0600000000000005	7.71	0.728	6.0600000000000005	7.71	0.728	1.0
116.0	6.07	7.72	0.728	6.07	7.72	0.728	6.07	7.72	0.728	1.0
117.0	6.073333333333334	8.238333333333333	0.6453333333333334	6.07	8.23	0.64	6.08	8.25	0.648	6.0
118.0	6.07	8.28	0.224	6.07	8.28	0.224	6.07	8.28	0.224	1.0
119.0	6.076666666666666	8.498333333333333	0.5306666666666666	6.07	8.49	0.528	6.08	8.51	0.536	6.0
120.0	6.08	7.4	0.632	6.08	7.4	0.632	6.08	7.4	0.632	1.0
121.0	6.1892734478203435	7.423394980184942	0.6067952443857337	6.08	7.37	0.5760000000000001	6.26	7.5	0.64	757.0
122.0	6.08	7.68	0.744	6.08	7.68	0.744	6.08	7.68	0.744	1.0
123.0	6.130980392156862	8.284142156862744	0.45425490196078433	6.08	8.21	0.376	6.19	8.38	0.536	408.0
124.0	6.08	8.290000000000001	0.224	6.08	8.290000000000001	0.224	6.08	8.290000000000001	0.224	1.0
125.0	6.09	7.390000000000001	0.632	6.09	7.390000000000001	0.632	6.09	7.390000000000001	0.632	1.0
126.0	6.105675675675676	7.521351351351351	0.577945945945946	6.09	7.49	0.5680000000000001	6.12	7.55	0.584	37.0
127.0	6.097142857142857	7.772857142857143	0.9546666666666667	6.09	7.75	0.936	6.11	7.8100000000000005	0.968	21.0
128.0	6.1000000000000005	6.94	0.376	6.1000000000000005	6.94	0.376	6.1000000000000005	6.94	0.376	1.0
129.0	6.204486373165619	7.19625935908955	0.6200898472596591	6.1000000000000005	7.04	0.448	6.3500000000000005	7.32	0.776	3339.0
130.0	6.105	7.83	0.736	6.1000000000000005	7.83	0.736	6.11	7.83	0.736	2.0
131.0	6.1000000000000005	7.95	1.42	6.1000000000000005	7.95	1.416	6.1000000000000005	7.95	1.424	2.0
132.0	6.116666666666666	7.156666666666666	0.608	6.11	7.15	0.608	6.12	7.16	0.608	3.0
133.0	6.11	7.36	0.9440000000000001	6.11	7.36	0.9440000000000001	6.11	7.36	0.9440000000000001	1.0
134.0	6.115	7.3966666666666665	0.9306666666666666	6.11	7.390000000000001	0.928	6.12	7.41	0.936	6.0
135.0	6.115	7.83	0.192	6.11	7.83	0.192	6.12	7.83	0.192	2.0
136.0	6.11	7.8500000000000005	0.728	6.11	7.8500000000000005	0.728	6.11	7.8500000000000005	0.728	1.0
137.0	6.11	7.96	1.424	6.11	7.96	1.424	6.11	7.96	1.424	1.0
138.0	6.11	8.31	0.192	6.11	8.31	0.192	6.11	8.31	0.192	1.0
139.0	6.119375	8.339375	0.3275	6.11	8.32	0.304	6.13	8.36	0.336	16.0
140.0	6.11	8.540000000000001	0.608	6.11	8.540000000000001	0.608	6.11	8.540000000000001	0.608	1.0
141.0	6.132389380530974	8.565309734513274	0.6363185840707966	6.11	8.540000000000001	0.616	6.16	8.59	0.664	113.0
142.0	6.159554140127389	7.351337579617835	0.8270063694267515	6.12	7.28	0.8	6.22	7.390000000000001	0.84	157.0
143.0	6.136666666666667	7.468888888888889	1.216	6.12	7.46	1.216	6.15	7.48	1.216	9.0
144.0	6.126666666666666	7.493333333333334	1.208	6.12	7.49	1.208	6.13	7.5	1.208	3.0
145.0	6.136363636363637	7.594545454545455	1.1083636363636364	6.12	7.59	1.104	6.15	7.6000000000000005	1.112	11.0
146.0	6.12375	9.005	0.167	6.12	9.0	0.16	6.13	9.01	0.176	8.0
147.0	6.138	7.444	1.224	6.13	7.44	1.224	6.15	7.45	1.224	5.0
148.0	6.13	8.32	0.304	6.13	8.32	0.304	6.13	8.32	0.304	1.0
149.0	6.159285714285715	6.958571428571429	0.448	6.140000000000001	6.94	0.448	6.18	6.98	0.448	14.0
150.0	6.156000000000001	7.744	0.9704	6.140000000000001	7.73	0.968	6.17	7.75	0.976	10.0
151.0	6.140000000000001	8.43	0.40800000000000003	6.140000000000001	8.43	0.40800000000000003	6.140000000000001	8.43	0.40800000000000003	1.0
152.0	6.1657142857142855	6.872142857142856	0.18685714285714286	6.15	6.86	0.176	6.18	6.88	0.192	14.0
153.0	6.157142857142857	7.267142857142857	0.848	6.15	7.25	0.848	6.17	7.28	0.848	7.0
154.0	6.184410256410257	7.539589743589742	0.955651282051282	6.15	7.48	0.936	6.22	7.59	0.976	195.0
155.0	6.15	7.5200000000000005	1.432	6.15	7.5200000000000005	1.432	6.15	7.5200000000000005	1.432	1.0
156.0	6.165555555555556	8.164074074074074	0.7333333333333334	6.15	8.13	0.72	6.18	8.19	0.744	27.0
157.0	6.16	7.51	1.432	6.16	7.51	1.432	6.16	7.51	1.432	1.0
158.0	6.16	8.03	0.936	6.16	8.03	0.936	6.16	8.03	0.936	1.0
159.0	6.171666666666667	8.166666666666666	0.448	6.16	8.15	0.448	6.18	8.18	0.448	6.0
160.0	6.175833333333334	8.307500000000001	0.5726666666666667	6.16	8.290000000000001	0.5680000000000001	6.2	8.33	0.5760000000000001	24.0
161.0	6.1971428571428575	7.008690476190476	0.926952380952381	6.17	6.98	0.904	6.23	7.03	0.9440000000000001	84.0
162.0	6.176666666666667	8.02	0.9333333333333333	6.17	8.02	0.928	6.18	8.02	0.936	3.0
163.0	6.17	8.44	0.5760000000000001	6.17	8.44	0.5760000000000001	6.17	8.44	0.5760000000000001	1.0
164.0	6.18	7.19	0.728	6.18	7.19	0.728	6.18	7.19	0.728	1.0
165.0	6.18	7.62	0.404	6.18	7.62	0.4	6.18	7.62	0.40800000000000003	2.0
166.0	6.19448275862069	8.161379310344827	0.5710344827586207	6.18	8.14	0.56	6.22	8.18	0.5760000000000001	29.0
167.0	6.18	8.43	0.5760000000000001	6.18	8.43	0.5760000000000001	6.18	8.43	0.5760000000000001	1.0
168.0	6.19	8.01	0.936	6.19	8.01	0.936	6.19	8.01	0.936	1.0
169.0	6.23	7.405227272727273	1.384818181818182	6.2	7.38	1.368	6.26	7.43	1.4000000000000001	88.0
170.0	6.217058823529412	8.910294117647059	0.24	6.2	8.89	0.224	6.23	8.92	0.264	34.0
171.0	6.21	6.94	0.41600000000000004	6.21	6.94	0.41600000000000004	6.21	6.94	0.41600000000000004	1.0
172.0	6.23	7.364333333333333	0.9242666666666667	6.21	7.33	0.92	6.25	7.390000000000001	0.928	30.0
173.0	6.2250000000000005	6.94	0.528	6.22	6.93	0.528	6.23	6.95	0.528	4.0
174.0	6.24	7.2176470588235295	0.9411764705882354	6.22	7.18	0.936	6.26	7.2700000000000005	0.9440000000000001	34.0
175.0	6.22	7.46	0.5680000000000001	6.22	7.46	0.5680000000000001	6.22	7.46	0.5680000000000001	1.0
176.0	6.22	7.69	1.248	6.22	7.69	1.248	6.22	7.69	1.248	1.0
177.0	6.246538461538462	7.531923076923078	0.5301538461538461	6.23	7.51	0.52	6.26	7.55	0.536	26.0
178.0	6.23	8.07	0.16	6.23	8.07	0.16	6.23	8.07	0.16	1.0
179.0	6.24	7.25	0.8320000000000001	6.24	7.25	0.8320000000000001	6.24	7.25	0.8320000000000001	1.0
180.0	6.24	7.3	0.9520000000000001	6.24	7.3	0.9520000000000001	6.24	7.3	0.9520000000000001	1.0
181.0	6.24	8.07	0.152	6.24	8.07	0.152	6.24	8.07	0.152	1.0
182.0	6.245	8.0875	0.16	6.24	8.08	0.152	6.25	8.1	0.168	8.0
183.0	6.252222222222222	8.727777777777778	0.16444444444444445	6.24	8.72	0.16	6.26	8.74	0.168	9.0
184.0	6.2620000000000005	7.457999999999999	1.424	6.25	7.45	1.424	6.2700000000000005	7.47	1.424	5.0
185.0	6.272413793103449	7.900344827586207	0.9183448275862068	6.25	7.87	0.912	6.29	7.94	0.928	29.0
186.0	6.258571428571429	7.941428571428571	0.8994285714285715	6.25	7.930000000000001	0.896	6.2700000000000005	7.95	0.904	7.0
187.0	6.267954545454545	8.814772727272727	0.2687272727272728	6.25	8.78	0.248	6.29	8.85	0.296	88.0
188.0	6.25	8.96	0.192	6.25	8.96	0.192	6.25	8.96	0.192	1.0
189.0	6.26	7.3	0.92	6.26	7.3	0.92	6.26	7.3	0.92	1.0
190.0	6.28	6.891818181818182	1.0567272727272727	6.2700000000000005	6.87	1.048	6.29	6.91	1.064	11.0
191.0	6.2700000000000005	7.49	0.2	6.2700000000000005	7.49	0.2	6.2700000000000005	7.49	0.2	1.0
192.0	6.273333333333333	7.673333333333334	0.8320000000000001	6.2700000000000005	7.67	0.8320000000000001	6.28	7.68	0.8320000000000001	3.0
193.0	6.292558139534883	8.924883720930232	0.3754418604651162	6.2700000000000005	8.91	0.36	6.32	8.94	0.392	43.0
194.0	6.300149253731344	7.367313432835821	0.5305074626865671	6.28	7.33	0.52	6.33	7.41	0.544	67.0
195.0	6.28	7.68	0.8200000000000001	6.28	7.68	0.8160000000000001	6.28	7.68	0.8240000000000001	2.0
196.0	6.28	8.93	0.192	6.28	8.93	0.192	6.28	8.93	0.192	1.0
197.0	6.29	6.74	0.24	6.29	6.74	0.24	6.29	6.74	0.24	1.0
198.0	6.355859649122807	7.0441052631578955	0.5134315789473684	6.29	7.01	0.47200000000000003	6.4	7.07	0.544	285.0
199.0	6.3	7.215	0.984	6.29	7.21	0.984	6.3100000000000005	7.22	0.984	4.0
200.0	6.296666666666667	7.233333333333334	0.528	6.29	7.23	0.528	6.3	7.24	0.528	3.0
201.0	6.29	7.3100000000000005	0.184	6.29	7.3100000000000005	0.184	6.29	7.3100000000000005	0.184	1.0
202.0	6.324761904761905	7.328253968253969	0.21777777777777776	6.29	7.3100000000000005	0.192	6.3500000000000005	7.3500000000000005	0.248	63.0
203.0	6.295882352941177	7.9541176470588235	0.20800000000000002	6.29	7.94	0.2	6.3100000000000005	7.97	0.224	17.0
204.0	6.3100000000000005	6.97	0.608	6.3	6.96	0.608	6.32	6.98	0.608	5.0
205.0	6.3	7.32	1.1280000000000001	6.3	7.32	1.1280000000000001	6.3	7.32	1.1280000000000001	1.0
206.0	6.308333333333334	7.331666666666666	1.1360000000000001	6.3	7.32	1.1360000000000001	6.32	7.34	1.1360000000000001	6.0
207.0	6.338839285714287	7.618482142857143	0.2839761904761909	6.3100000000000005	7.53	0.192	6.390000000000001	7.69	0.34400000000000003	336.0
208.0	6.325	6.98	0.616	6.32	6.98	0.616	6.33	6.98	0.616	2.0
209.0	6.326666666666666	7.336666666666666	1.1440000000000001	6.32	7.33	1.1440000000000001	6.33	7.34	1.1440000000000001	3.0
210.0	6.32	7.8500000000000005	0.616	6.32	7.8500000000000005	0.616	6.32	7.8500000000000005	0.616	1.0
211.0	6.343333333333334	7.056666666666667	0.8320000000000001	6.33	7.05	0.8320000000000001	6.3500000000000005	7.07	0.8320000000000001	6.0
212.0	6.33	7.42	0.528	6.33	7.42	0.528	6.33	7.42	0.528	1.0
213.0	6.33	7.8500000000000005	0.624	6.33	7.8500000000000005	0.624	6.33	7.8500000000000005	0.624	1.0
214.0	6.354	7.159333333333333	0.44960000000000006	6.34	7.140000000000001	0.44	6.37	7.18	0.456	30.0
215.0	6.345714285714286	7.337142857142857	1.1520000000000001	6.34	7.32	1.1520000000000001	6.3500000000000005	7.3500000000000005	1.1520000000000001	7.0
216.0	6.359642857142857	7.477857142857143	0.5257142857142858	6.34	7.46	0.504	6.38	7.49	0.536	28.0
217.0	6.3500000000000005	7.575	1.304	6.34	7.5600000000000005	1.304	6.36	7.59	1.304	6.0
218.0	6.3500000000000005	7.4	0.616	6.3500000000000005	7.4	0.616	6.3500000000000005	7.4	0.616	1.0
219.0	6.3500000000000005	7.7700000000000005	0.744	6.3500000000000005	7.7700000000000005	0.744	6.3500000000000005	7.7700000000000005	0.744	1.0
220.0	6.388	7.050800000000001	0.18112	6.36	7.03	0.168	6.4	7.07	0.192	25.0
221.0	6.377368421052632	7.168947368421052	0.977263157894737	6.36	7.15	0.968	6.390000000000001	7.18	0.984	19.0
222.0	6.36	7.29	0.8320000000000001	6.36	7.29	0.8320000000000001	6.36	7.29	0.8320000000000001	1.0
223.0	6.37	7.33	1.16	6.36	7.32	1.16	6.38	7.34	1.16	9.0
224.0	6.36	7.78	0.744	6.36	7.78	0.744	6.36	7.78	0.744	1.0
225.0	6.373846153846154	8.166153846153847	0.856	6.36	8.15	0.856	6.390000000000001	8.18	0.856	13.0
226.0	6.3725000000000005	8.69	0.377	6.36	8.68	0.376	6.38	8.700000000000001	0.384	8.0
227.0	6.387368421052631	6.765263157894736	0.9490526315789474	6.37	6.75	0.9440000000000001	6.4	6.78	0.96	19.0
228.0	6.37	7.78	1.296	6.37	7.78	1.296	6.37	7.78	1.296	1.0
229.0	6.37	7.79	0.744	6.37	7.79	0.744	6.37	7.79	0.744	1.0
230.0	6.375	7.84	0.68	6.37	7.84	0.68	6.38	7.84	0.68	2.0
231.0	6.37	7.87	0.264	6.37	7.87	0.264	6.37	7.87	0.264	1.0
232.0	6.38	7.36	1.488	6.38	7.36	1.488	6.38	7.36	1.488	1.0
233.0	6.394444444444445	6.984444444444445	0.14844444444444446	6.390000000000001	6.97	0.14400000000000002	6.4	7.0	0.152	9.0
234.0	6.3933333333333335	7.166666666666666	0.8320000000000001	6.390000000000001	7.16	0.8320000000000001	6.4	7.17	0.8320000000000001	3.0
235.0	6.398	7.322000000000001	1.168	6.390000000000001	7.3100000000000005	1.168	6.41	7.33	1.168	5.0
236.0	6.390000000000001	7.43	0.192	6.390000000000001	7.43	0.192	6.390000000000001	7.43	0.192	1.0
237.0	6.3975	7.53125	0.9570000000000001	6.390000000000001	7.5200000000000005	0.9520000000000001	6.41	7.54	0.96	8.0
238.0	6.423103448275862	7.533908045977012	1.3875862068965517	6.390000000000001	7.48	1.368	6.45	7.57	1.4000000000000001	87.0
239.0	6.407826086956521	8.298695652173913	0.7666086956521739	6.390000000000001	8.27	0.76	6.42	8.32	0.776	23.0
240.0	6.4	7.18	0.96	6.4	7.18	0.96	6.4	7.18	0.96	1.0
241.0	6.469369369369369	7.538738738738739	1.4885765765765766	6.4	7.48	1.464	6.51	7.59	1.528	111.0
242.0	6.414166666666667	7.328333333333334	0.9406666666666667	6.41	7.3100000000000005	0.936	6.42	7.3500000000000005	0.9440000000000001	12.0
243.0	6.435714285714286	7.355714285714286	0.830857142857143	6.42	7.3500000000000005	0.8240000000000001	6.45	7.36	0.8320000000000001	7.0
244.0	6.426666666666667	7.555	0.4526666666666667	6.42	7.54	0.448	6.44	7.57	0.456	12.0
245.0	6.42	7.55	1.216	6.42	7.55	1.216	6.42	7.55	1.216	1.0
246.0	6.43	7.8012500000000005	0.40900000000000003	6.42	7.79	0.4	6.44	7.8100000000000005	0.41600000000000004	8.0
247.0	6.434444444444445	8.731111111111112	0.22044444444444447	6.43	8.72	0.216	6.44	8.74	0.224	9.0
248.0	6.458181818181818	7.192727272727272	0.3733333333333333	6.44	7.18	0.36	6.48	7.21	0.384	33.0
249.0	6.45	6.71	0.608	6.45	6.71	0.608	6.45	6.71	0.608	1.0
250.0	6.45	7.78	0.216	6.45	7.78	0.216	6.45	7.78	0.216	1.0
251.0	6.45	8.39	0.76	6.45	8.39	0.76	6.45	8.39	0.76	1.0
252.0	6.512880184331797	7.144930875576037	0.2848663594470044	6.46	7.1000000000000005	0.248	6.5600000000000005	7.19	0.32	434.0
253.0	6.465	7.29	1.576	6.46	7.29	1.576	6.47	7.29	1.576	2.0
254.0	6.465	7.82	0.248	6.46	7.82	0.248	6.47	7.82	0.248	2.0
255.0	6.468	7.834	0.2592	6.46	7.83	0.256	6.47	7.84	0.264	5.0
256.0	6.47125	7.839791666666667	0.32299999999999984	6.46	7.82	0.296	6.49	7.86	0.34400000000000003	48.0
257.0	6.46	8.11	0.36	6.46	8.11	0.36	6.46	8.11	0.36	1.0
258.0	6.46	8.4	0.76	6.46	8.4	0.76	6.46	8.4	0.76	1.0
259.0	6.4956097560975605	6.9419512195121955	0.8321951219512196	6.47	6.890000000000001	0.8240000000000001	6.5200000000000005	6.98	0.84	41.0
260.0	6.543271523178809	7.126688741721854	0.8300927152317882	6.47	7.01	0.784	6.66	7.2	0.872	755.0
261.0	6.567638888888888	7.167569444444445	0.5316018518518516	6.47	7.1000000000000005	0.48	6.71	7.26	0.584	864.0
262.0	6.493055555555555	7.608055555555556	0.9391111111111111	6.47	7.58	0.936	6.5200000000000005	7.640000000000001	0.9440000000000001	36.0
263.0	6.485555555555556	7.678888888888889	0.872	6.47	7.66	0.872	6.5	7.7	0.872	9.0
264.0	6.478	8.166	0.5333333333333334	6.47	8.14	0.528	6.49	8.18	0.536	15.0
265.0	6.487368421052631	7.266315789473684	0.535578947368421	6.48	7.24	0.528	6.5	7.29	0.544	19.0
266.0	6.505625	7.234375	0.5735	6.49	7.2	0.5680000000000001	6.5200000000000005	7.26	0.5760000000000001	16.0
267.0	6.5240425531914905	7.772872340425533	0.3811063829787234	6.49	7.75	0.36	6.5600000000000005	7.8100000000000005	0.40800000000000003	94.0
268.0	6.49	7.7700000000000005	0.36	6.49	7.7700000000000005	0.36	6.49	7.7700000000000005	0.36	1.0
269.0	6.506666666666667	7.05	0.6373333333333334	6.5	7.05	0.632	6.51	7.05	0.64	3.0
270.0	6.5200000000000005	7.495277777777779	0.8226666666666667	6.5	7.48	0.808	6.53	7.51	0.8320000000000001	36.0
271.0	6.5	7.6000000000000005	0.896	6.5	7.59	0.896	6.5	7.61	0.896	3.0
272.0	6.5	7.8	0.352	6.5	7.8	0.352	6.5	7.8	0.352	1.0
273.0	6.5	7.92	0.40800000000000003	6.5	7.92	0.40800000000000003	6.5	7.92	0.40800000000000003	1.0
274.0	6.520769230769231	7.43	0.9864615384615385	6.51	7.41	0.984	6.53	7.45	0.992	13.0
275.0	6.51	7.53	0.504	6.51	7.53	0.504	6.51	7.53	0.504	1.0
276.0	6.518571428571429	7.5442857142857145	0.5222857142857144	6.51	7.54	0.512	6.53	7.55	0.528	7.0
277.0	6.562058823529411	7.621838235294119	1.3961176470588235	6.51	7.59	1.3760000000000001	6.6000000000000005	7.65	1.424	136.0
278.0	6.51	7.68	0.848	6.51	7.68	0.848	6.51	7.68	0.848	1.0
279.0	6.516666666666667	7.745	1.0693333333333332	6.51	7.74	1.064	6.5200000000000005	7.75	1.072	6.0
280.0	6.51	7.79	0.592	6.51	7.79	0.592	6.51	7.79	0.592	1.0
281.0	6.51	7.8500000000000005	0.56	6.51	7.8500000000000005	0.56	6.51	7.8500000000000005	0.56	1.0
282.0	6.5200000000000005	6.88	0.448	6.5200000000000005	6.88	0.448	6.5200000000000005	6.88	0.448	1.0
283.0	6.5200000000000005	7.19	0.5680000000000001	6.5200000000000005	7.19	0.5680000000000001	6.5200000000000005	7.19	0.5680000000000001	1.0
284.0	6.544729729729729	7.317432432432432	0.31610810810810813	6.5200000000000005	7.3	0.272	6.57	7.33	0.336	74.0
285.0	6.547111111111112	7.660222222222223	0.4359111111111111	6.5200000000000005	7.63	0.41600000000000004	6.57	7.68	0.456	45.0
286.0	6.53	6.890000000000001	0.448	6.53	6.890000000000001	0.448	6.53	6.890000000000001	0.448	1.0
287.0	6.53	7.46	1.496	6.53	7.46	1.496	6.53	7.46	1.496	1.0
288.0	6.542307692307693	8.173846153846153	0.9507692307692307	6.53	8.16	0.9440000000000001	6.5600000000000005	8.19	0.968	26.0
289.0	6.57093023255814	7.087674418604652	0.6963720930232559	6.54	7.07	0.6880000000000001	6.6000000000000005	7.11	0.704	43.0
290.0	6.55	7.03	0.864	6.55	7.03	0.864	6.55	7.03	0.864	1.0
291.0	6.57	7.203846153846154	0.22092307692307694	6.55	7.19	0.216	6.58	7.22	0.224	13.0
292.0	6.55	7.315	1.528	6.55	7.3100000000000005	1.528	6.55	7.32	1.528	2.0
293.0	6.556666666666667	7.336666666666666	1.584	6.55	7.33	1.584	6.5600000000000005	7.34	1.584	3.0
294.0	6.60368	7.145359999999999	0.904576	6.5600000000000005	7.1000000000000005	0.872	6.66	7.19	0.936	250.0
295.0	6.586666666666666	7.206666666666666	0.864	6.5600000000000005	7.19	0.864	6.61	7.23	0.864	12.0
296.0	6.565	7.32	1.552	6.5600000000000005	7.32	1.552	6.57	7.32	1.552	2.0
297.0	6.57	6.7700000000000005	0.616	6.57	6.7700000000000005	0.616	6.57	6.7700000000000005	0.616	1.0
298.0	6.575714285714286	6.821428571428571	0.5291428571428571	6.57	6.8100000000000005	0.52	6.58	6.83	0.536	7.0
299.0	6.595813953488372	7.690232558139535	0.3286511627906978	6.57	7.65	0.304	6.63	7.72	0.352	172.0
300.0	6.594615384615385	6.861538461538462	0.14461538461538462	6.58	6.8500000000000005	0.136	6.61	6.87	0.152	13.0
301.0	6.58	7.3100000000000005	1.592	6.58	7.3100000000000005	1.592	6.58	7.3100000000000005	1.592	1.0
302.0	6.585	7.42	0.528	6.58	7.42	0.528	6.59	7.42	0.528	2.0
303.0	6.640777777777778	7.444888888888889	1.4767999999999997	6.58	7.41	1.456	6.68	7.47	1.496	90.0
304.0	6.593571428571429	7.574642857142857	0.37857142857142856	6.58	7.5600000000000005	0.368	6.6000000000000005	7.59	0.4	28.0
305.0	6.585	7.82	0.328	6.58	7.82	0.328	6.59	7.82	0.328	2.0
306.0	6.5912500000000005	7.8325000000000005	0.306	6.58	7.83	0.296	6.6000000000000005	7.84	0.32	8.0
307.0	6.59	6.88	0.128	6.59	6.88	0.128	6.59	6.88	0.128	1.0
308.0	6.59	7.3100000000000005	1.56	6.59	7.3100000000000005	1.56	6.59	7.3100000000000005	1.56	1.0
309.0	6.615357142857143	7.2875000000000005	1.58	6.6000000000000005	7.26	1.568	6.640000000000001	7.3100000000000005	1.584	28.0
310.0	6.619230769230769	7.533846153846154	0.44553846153846155	6.61	7.5200000000000005	0.44	6.63	7.55	0.448	13.0
311.0	6.61	7.5600000000000005	0.40800000000000003	6.61	7.5600000000000005	0.40800000000000003	6.61	7.5600000000000005	0.40800000000000003	1.0
312.0	6.62	6.96	1.78	6.62	6.96	1.776	6.62	6.96	1.784	2.0
313.0	6.6386021505376345	7.295591397849462	0.6176344086021506	6.62	7.2700000000000005	0.584	6.66	7.33	0.64	93.0
314.0	6.63	7.286666666666666	0.872	6.62	7.2700000000000005	0.872	6.640000000000001	7.3	0.872	6.0
315.0	6.62	7.87	1.1520000000000001	6.62	7.87	1.1520000000000001	6.62	7.87	1.1520000000000001	1.0
316.0	6.623333333333334	8.370000000000001	0.9866666666666667	6.62	8.370000000000001	0.984	6.63	8.370000000000001	0.992	3.0
317.0	6.63	7.07	1.52	6.63	7.07	1.52	6.63	7.07	1.52	1.0
318.0	6.63	7.07	1.792	6.63	7.07	1.792	6.63	7.07	1.792	1.0
319.0	6.666666666666666	7.471333333333334	0.5297777777777778	6.63	7.45	0.52	6.71	7.49	0.536	45.0
320.0	6.653846153846153	7.598846153846154	0.534153846153846	6.63	7.58	0.528	6.68	7.62	0.544	26.0
321.0	6.63	8.4	0.68	6.63	8.4	0.68	6.63	8.4	0.68	1.0
322.0	6.671739130434783	6.915434782608696	0.44782608695652176	6.640000000000001	6.9	0.432	6.7	6.93	0.456	46.0
323.0	6.65	7.17	0.456	6.640000000000001	7.16	0.456	6.66	7.18	0.456	7.0
324.0	6.670666666666667	6.848	0.9669333333333333	6.65	6.83	0.96	6.68	6.87	0.968	15.0
325.0	6.65	7.3500000000000005	1.3840000000000001	6.65	7.3500000000000005	1.3840000000000001	6.65	7.3500000000000005	1.3840000000000001	1.0
326.0	6.665333333333333	8.251333333333333	0.7626666666666666	6.65	8.24	0.76	6.68	8.27	0.768	15.0
327.0	6.65	8.64	0.76	6.65	8.64	0.76	6.65	8.64	0.76	1.0
328.0	6.66	7.235	1.072	6.66	7.23	1.072	6.66	7.24	1.072	2.0
329.0	6.692537313432836	8.26731343283582	1.0244776119402985	6.66	8.24	0.992	6.73	8.290000000000001	1.048	67.0
330.0	6.67	6.695	0.5760000000000001	6.67	6.69	0.5760000000000001	6.67	6.7	0.5760000000000001	2.0
331.0	6.692	6.963	1.048	6.67	6.94	1.048	6.71	6.99	1.048	10.0
332.0	6.687777777777779	6.939444444444445	1.9008888888888889	6.67	6.92	1.8960000000000001	6.7	6.95	1.9120000000000001	18.0
333.0	6.673333333333334	7.013333333333334	0.248	6.67	7.01	0.248	6.68	7.0200000000000005	0.248	3.0
334.0	6.689375	7.0218750000000005	1.9575	6.68	7.01	1.944	6.7	7.03	1.968	16.0
335.0	6.68	7.43	0.608	6.68	7.43	0.608	6.68	7.43	0.608	1.0
336.0	6.68	7.6450000000000005	0.41600000000000004	6.68	7.640000000000001	0.41600000000000004	6.68	7.65	0.41600000000000004	2.0
337.0	6.683333333333334	7.698333333333334	0.4106666666666667	6.68	7.69	0.40800000000000003	6.69	7.71	0.41600000000000004	6.0
338.0	6.692	7.8660000000000005	1.2	6.68	7.86	1.2	6.7	7.87	1.2	5.0
339.0	6.69	7.928181818181819	0.6458181818181818	6.68	7.91	0.64	6.7	7.94	0.648	11.0
340.0	6.6850000000000005	8.3125	0.622	6.68	8.31	0.616	6.69	8.32	0.624	4.0
341.0	6.692857142857143	8.587142857142856	0.6537142857142857	6.68	8.58	0.648	6.7	8.6	0.656	7.0
342.0	6.710243902439024	6.774878048780488	0.1810731707317073	6.69	6.76	0.16	6.72	6.79	0.20800000000000002	41.0
343.0	6.695	7.44	0.616	6.69	7.44	0.616	6.7	7.44	0.616	2.0
344.0	6.696666666666666	7.565	0.5786666666666667	6.69	7.5600000000000005	0.5760000000000001	6.7	7.57	0.584	6.0
345.0	6.706	7.5760000000000005	0.536	6.69	7.57	0.536	6.72	7.58	0.536	5.0
346.0	6.69	7.76	0.544	6.69	7.76	0.544	6.69	7.76	0.544	1.0
347.0	6.7	6.890000000000001	1.2	6.7	6.890000000000001	1.2	6.7	6.890000000000001	1.2	1.0
348.0	6.706666666666666	7.216666666666667	0.608	6.7	7.21	0.608	6.71	7.22	0.608	3.0
349.0	6.7	7.59	0.608	6.7	7.59	0.608	6.7	7.59	0.608	1.0
350.0	6.7	8.75	0.264	6.7	8.75	0.264	6.7	8.75	0.264	1.0
351.0	6.71	6.93	1.72	6.71	6.93	1.72	6.71	6.93	1.72	1.0
352.0	6.748955223880597	6.986716417910448	0.5228656716417909	6.71	6.96	0.512	6.8	7.01	0.536	67.0
353.0	6.73	7.268666666666667	1.168	6.71	7.25	1.168	6.75	7.29	1.168	15.0
354.0	6.723333333333334	7.346666666666667	1.1133333333333333	6.71	7.34	1.112	6.73	7.3500000000000005	1.12	6.0
355.0	6.71	7.575	0.608	6.71	7.57	0.608	6.71	7.58	0.608	2.0
356.0	6.71	7.62	1.3920000000000001	6.71	7.62	1.3920000000000001	6.71	7.62	1.3920000000000001	1.0
357.0	6.71	8.16	0.504	6.71	8.16	0.504	6.71	8.16	0.504	1.0
358.0	6.73	8.25	0.9531428571428572	6.71	8.24	0.9440000000000001	6.75	8.26	0.96	21.0
359.0	6.71	8.26	0.968	6.71	8.26	0.968	6.71	8.26	0.968	1.0
360.0	6.72	6.755	0.536	6.72	6.75	0.536	6.72	6.76	0.536	2.0
361.0	6.72	6.78	0.528	6.72	6.7700000000000005	0.528	6.72	6.79	0.528	3.0
362.0	6.735833333333334	7.405	1.0773333333333333	6.72	7.390000000000001	1.072	6.75	7.42	1.08	12.0
363.0	6.72	7.5600000000000005	0.544	6.72	7.5600000000000005	0.544	6.72	7.5600000000000005	0.544	1.0
364.0	6.72	7.585	0.616	6.72	7.58	0.616	6.72	7.59	0.616	2.0
365.0	6.748148148148148	6.8933333333333335	1.0714074074074074	6.73	6.87	1.064	6.7700000000000005	6.91	1.08	27.0
366.0	6.73	7.28	0.176	6.73	7.28	0.176	6.73	7.28	0.176	1.0
367.0	6.73	7.55	0.544	6.73	7.55	0.544	6.73	7.55	0.544	1.0
368.0	6.735	7.6450000000000005	0.584	6.73	7.640000000000001	0.584	6.74	7.65	0.584	4.0
369.0	6.761282051282051	7.8702564102564105	0.28994871794871796	6.74	7.8500000000000005	0.264	6.78	7.890000000000001	0.312	78.0
370.0	6.753125	7.99	0.147	6.74	7.97	0.14400000000000002	6.7700000000000005	8.01	0.152	16.0
371.0	6.745	8.27	1.056	6.74	8.26	1.056	6.75	8.28	1.056	6.0
372.0	6.755	6.79	0.968	6.75	6.79	0.968	6.76	6.79	0.968	2.0
373.0	6.78	7.536190476190476	1.290857142857143	6.76	7.5200000000000005	1.272	6.8	7.5600000000000005	1.304	42.0
374.0	6.76	7.695	0.328	6.76	7.69	0.328	6.76	7.7	0.328	2.0
375.0	6.765000000000001	7.885	0.328	6.76	7.88	0.328	6.7700000000000005	7.890000000000001	0.328	4.0
376.0	6.765000000000001	8.73	0.136	6.76	8.73	0.136	6.7700000000000005	8.73	0.136	2.0
377.0	6.7700000000000005	7.05	1.232	6.7700000000000005	7.05	1.232	6.7700000000000005	7.05	1.232	1.0
378.0	6.791578947368421	7.771052631578947	0.4505263157894737	6.78	7.75	0.44	6.8	7.79	0.456	19.0
379.0	6.785	8.575000000000001	0.528	6.78	8.57	0.528	6.79	8.58	0.528	4.0
380.0	6.795	6.8100000000000005	0.112	6.79	6.8100000000000005	0.112	6.8	6.8100000000000005	0.112	2.0
381.0	6.79	6.9	1.088	6.79	6.9	1.088	6.79	6.9	1.088	1.0
382.0	6.819310344827586	7.200517241379311	0.17062068965517246	6.79	7.17	0.152	6.84	7.23	0.184	58.0
383.0	6.825714285714286	7.173571428571429	0.8244444444444444	6.79	7.13	0.8	6.86	7.22	0.84	126.0
384.0	6.818823529411765	7.624705882352941	1.2941176470588238	6.79	7.61	1.288	6.8500000000000005	7.65	1.296	34.0
385.0	6.806086956521739	8.599565217391303	0.5777391304347826	6.79	8.58	0.5680000000000001	6.82	8.620000000000001	0.584	23.0
386.0	6.8	7.17	0.152	6.8	7.17	0.152	6.8	7.17	0.152	1.0
387.0	6.8	7.28	1.072	6.8	7.28	1.072	6.8	7.28	1.072	1.0
388.0	6.8	7.8	0.464	6.8	7.8	0.464	6.8	7.8	0.464	1.0
389.0	6.834196428571429	7.008035714285715	0.27221428571428574	6.8100000000000005	6.99	0.232	6.86	7.03	0.32	112.0
390.0	6.816666666666666	7.076666666666666	1.3920000000000001	6.8100000000000005	7.07	1.3920000000000001	6.82	7.08	1.3920000000000001	3.0
391.0	6.8100000000000005	7.29	1.076	6.8100000000000005	7.29	1.072	6.8100000000000005	7.29	1.08	2.0
392.0	6.8306666666666676	8.032666666666668	0.6496000000000001	6.8100000000000005	8.02	0.64	6.8500000000000005	8.040000000000001	0.656	15.0
393.0	6.833658536585366	7.257560975609756	0.32058536585365854	6.82	7.24	0.296	6.8500000000000005	7.2700000000000005	0.34400000000000003	41.0
394.0	6.825	7.30875	1.077	6.82	7.3	1.072	6.83	7.32	1.08	8.0
395.0	6.826666666666666	7.6433333333333335	1.232	6.82	7.640000000000001	1.232	6.83	7.65	1.232	3.0
396.0	6.823333333333334	8.866666666666667	0.41600000000000004	6.82	8.86	0.41600000000000004	6.83	8.870000000000001	0.41600000000000004	3.0
397.0	6.844444444444445	6.826666666666666	0.27822222222222226	6.83	6.82	0.248	6.8500000000000005	6.84	0.296	18.0
398.0	6.83	6.96	0.9440000000000001	6.83	6.96	0.9440000000000001	6.83	6.96	0.9440000000000001	1.0
399.0	6.845	8.8535	0.24280000000000002	6.83	8.83	0.232	6.86	8.88	0.256	40.0
400.0	6.84	6.96	0.9520000000000001	6.84	6.96	0.9520000000000001	6.84	6.96	0.9520000000000001	1.0
401.0	6.860454545454545	7.017727272727273	1.386181818181818	6.84	7.0	1.3760000000000001	6.88	7.04	1.3920000000000001	22.0
402.0	6.85375	7.10625	0.848	6.84	7.09	0.848	6.86	7.12	0.848	8.0
403.0	6.84	8.68	0.2	6.84	8.68	0.2	6.84	8.68	0.2	1.0
404.0	6.8500000000000005	6.96	0.96	6.8500000000000005	6.96	0.96	6.8500000000000005	6.96	0.96	1.0
405.0	6.8500000000000005	7.24	0.176	6.8500000000000005	7.24	0.176	6.8500000000000005	7.24	0.176	1.0
406.0	6.8566666666666665	7.363333333333334	0.92	6.8500000000000005	7.36	0.92	6.86	7.37	0.92	3.0
407.0	6.884226804123712	7.563505154639175	0.21237113402061858	6.8500000000000005	7.53	0.176	6.92	7.61	0.232	97.0
408.0	6.8500000000000005	8.66	0.2	6.8500000000000005	8.66	0.2	6.8500000000000005	8.66	0.2	1.0
409.0	6.872083333333334	7.194166666666667	1.4253333333333333	6.86	7.17	1.416	6.890000000000001	7.21	1.432	24.0
410.0	6.869375	7.2625	0.1845	6.86	7.25	0.176	6.88	7.28	0.192	16.0
411.0	6.86	8.23	0.616	6.86	8.23	0.616	6.86	8.23	0.616	1.0
412.0	6.87	7.05	0.856	6.87	7.05	0.856	6.87	7.05	0.856	1.0
413.0	6.902282608695653	7.140760869565217	1.459304347826087	6.87	7.1000000000000005	1.44	6.94	7.18	1.488	92.0
414.0	6.873333333333334	7.273333333333333	0.984	6.87	7.2700000000000005	0.984	6.88	7.28	0.984	3.0
415.0	6.87	7.36	0.928	6.87	7.36	0.928	6.87	7.36	0.928	1.0
416.0	6.87	8.235	0.624	6.87	8.23	0.624	6.87	8.24	0.624	2.0
417.0	6.88	7.22	0.6880000000000001	6.88	7.22	0.6880000000000001	6.88	7.22	0.6880000000000001	1.0
418.0	6.88	7.32	1.2	6.88	7.32	1.2	6.88	7.32	1.2	1.0
419.0	6.88	8.6	0.52	6.88	8.6	0.52	6.88	8.6	0.52	1.0
420.0	6.958378378378378	6.944594594594595	0.9677837837837837	6.890000000000001	6.93	0.96	6.99	6.96	0.976	37.0
421.0	6.890000000000001	7.28	0.2	6.890000000000001	7.28	0.2	6.890000000000001	7.28	0.2	1.0
422.0	6.890000000000001	7.4	0.984	6.890000000000001	7.4	0.984	6.890000000000001	7.4	0.984	1.0
423.0	6.909863945578231	8.573945578231292	0.5648979591836732	6.890000000000001	8.52	0.528	6.94	8.620000000000001	0.584	147.0
424.0	6.890000000000001	8.64	0.304	6.890000000000001	8.64	0.304	6.890000000000001	8.64	0.304	1.0
425.0	6.915454545454545	7.135454545454545	0.9701818181818181	6.9	7.12	0.968	6.93	7.15	0.976	11.0
426.0	6.905	7.265000000000001	0.768	6.9	7.26	0.768	6.91	7.2700000000000005	0.768	4.0
427.0	6.9	7.36	0.624	6.9	7.36	0.624	6.9	7.36	0.624	1.0
428.0	6.917058823529413	7.459411764705883	1.3929411764705883	6.9	7.45	1.3840000000000001	6.94	7.47	1.4000000000000001	17.0
429.0	6.916	8.378	0.768	6.91	8.370000000000001	0.768	6.92	8.39	0.768	5.0
430.0	6.93375	6.87375	1.0170000000000001	6.92	6.86	1.016	6.95	6.88	1.024	8.0
431.0	6.981158301158302	7.20023166023166	1.5043088803088802	6.92	7.140000000000001	1.472	7.05	7.25	1.552	259.0
432.0	6.945	8.005	0.456	6.94	8.0	0.456	6.95	8.01	0.456	4.0
433.0	6.9769696969696975	8.457272727272727	0.5347878787878788	6.95	8.44	0.528	7.0	8.48	0.544	33.0
434.0	7.0393476044852195	7.096187563710499	0.900689092762487	6.97	6.97	0.88	7.11	7.23	0.936	981.0
435.0	6.982	7.3660000000000005	1.232	6.97	7.36	1.232	6.99	7.37	1.232	5.0
436.0	6.97	7.38	1.24	6.97	7.38	1.24	6.97	7.38	1.24	1.0
437.0	7.004473684210526	7.741052631578947	0.5091578947368421	6.97	7.71	0.48	7.03	7.76	0.536	76.0
438.0	6.97	7.9750000000000005	1.1440000000000001	6.97	7.97	1.1440000000000001	6.97	7.98	1.1440000000000001	2.0
439.0	6.9750000000000005	8.1	0.536	6.97	8.1	0.536	6.98	8.1	0.536	2.0
440.0	6.983888888888889	8.20111111111111	0.4911111111111111	6.97	8.19	0.488	7.0	8.22	0.496	18.0
441.0	6.9910000000000005	8.4755	0.5740000000000002	6.97	8.45	0.5680000000000001	7.01	8.5	0.5760000000000001	20.0
442.0	6.999090909090909	7.197272727272727	1.2043636363636365	6.98	7.18	1.2	7.0200000000000005	7.21	1.216	22.0
443.0	6.993333333333334	7.264444444444445	1.464	6.98	7.25	1.464	7.01	7.28	1.464	9.0
444.0	7.001428571428571	7.291904761904761	1.2045714285714284	6.98	7.2700000000000005	1.2	7.0200000000000005	7.3100000000000005	1.208	21.0
445.0	6.9879999999999995	7.612000000000001	0.3808	6.98	7.61	0.376	6.99	7.62	0.392	5.0
446.0	6.98	8.040000000000001	0.4	6.98	8.040000000000001	0.4	6.98	8.040000000000001	0.4	1.0
447.0	6.98	8.17	0.76	6.98	8.17	0.76	6.98	8.17	0.76	1.0
448.0	6.99	7.24	1.472	6.99	7.24	1.472	6.99	7.24	1.472	1.0
449.0	6.994	7.346	1.224	6.99	7.33	1.224	7.0	7.36	1.224	5.0
450.0	6.996	7.409	0.2296	6.99	7.4	0.216	7.0	7.42	0.24	10.0
451.0	6.99	7.73	0.224	6.99	7.73	0.224	6.99	7.73	0.224	1.0
452.0	7.011	7.996	0.4912	6.99	7.97	0.488	7.03	8.02	0.496	20.0
453.0	7.028977272727273	6.993068181818181	0.26481818181818195	7.0	6.94	0.224	7.07	7.03	0.312	88.0
454.0	7.0	7.140000000000001	2.208	7.0	7.140000000000001	2.208	7.0	7.140000000000001	2.208	1.0
455.0	7.011111111111111	7.932222222222222	0.5342222222222222	7.0	7.92	0.528	7.0200000000000005	7.94	0.536	9.0
456.0	7.003333333333334	8.473333333333334	0.648	7.0	8.47	0.648	7.01	8.48	0.648	3.0
457.0	7.01	6.905	0.328	7.01	6.9	0.328	7.01	6.91	0.328	2.0
458.0	7.01	6.92	0.32	7.01	6.92	0.32	7.01	6.92	0.32	1.0
459.0	7.035	6.9804545454545455	1.0732727272727274	7.01	6.96	1.056	7.0600000000000005	7.01	1.104	44.0
460.0	7.016666666666667	7.363333333333334	0.6880000000000001	7.01	7.36	0.6880000000000001	7.0200000000000005	7.37	0.6880000000000001	3.0
461.0	7.01	7.55	0.536	7.01	7.55	0.536	7.01	7.55	0.536	1.0
462.0	7.072094594594595	7.694527027027028	0.4377837837837838	7.01	7.65	0.392	7.11	7.73	0.464	148.0
463.0	7.036744186046511	8.375581395348837	0.8148837209302326	7.01	8.34	0.8	7.0600000000000005	8.41	0.8320000000000001	43.0
464.0	7.01	8.43	0.5680000000000001	7.01	8.43	0.5680000000000001	7.01	8.43	0.5680000000000001	1.0
465.0	7.0200000000000005	8.42	0.5680000000000001	7.0200000000000005	8.42	0.5680000000000001	7.0200000000000005	8.42	0.5680000000000001	1.0
466.0	7.144177419354839	7.019354838709677	2.040541935483871	7.03	6.95	2.0	7.22	7.07	2.08	620.0
467.0	7.0742352941176465	7.409411764705882	1.2262588235294118	7.03	7.36	1.224	7.13	7.46	1.232	85.0
468.0	7.03	7.390000000000001	0.984	7.03	7.390000000000001	0.984	7.03	7.390000000000001	0.984	1.0
469.0	7.03	7.55	1.296	7.03	7.55	1.296	7.03	7.55	1.296	1.0
470.0	7.03	8.405	0.5760000000000001	7.03	8.4	0.5760000000000001	7.03	8.41	0.5760000000000001	2.0
471.0	7.046	7.237000000000001	0.2104	7.04	7.22	0.2	7.05	7.26	0.216	10.0
472.0	7.048333333333334	7.426666666666667	0.8586666666666667	7.04	7.41	0.856	7.0600000000000005	7.45	0.864	12.0
473.0	7.04	7.47	0.848	7.04	7.47	0.848	7.04	7.47	0.848	1.0
474.0	7.04	7.5600000000000005	1.296	7.04	7.5600000000000005	1.296	7.04	7.5600000000000005	1.296	1.0
475.0	7.0600000000000005	7.72	0.296	7.04	7.72	0.296	7.08	7.72	0.296	5.0
476.0	7.070384615384616	7.717307692307693	0.34092307692307705	7.04	7.7	0.336	7.1000000000000005	7.73	0.352	26.0
477.0	7.04	7.745	0.376	7.04	7.74	0.376	7.04	7.75	0.376	2.0
478.0	7.045	8.17	0.496	7.04	8.17	0.496	7.05	8.17	0.496	2.0
479.0	7.071153846153846	7.2688461538461535	0.615076923076923	7.05	7.25	0.608	7.09	7.29	0.624	26.0
480.0	7.086615384615385	7.176	1.390523076923077	7.0600000000000005	7.16	1.3760000000000001	7.12	7.2	1.4000000000000001	65.0
481.0	7.0600000000000005	7.59	0.608	7.0600000000000005	7.59	0.608	7.0600000000000005	7.59	0.608	1.0
482.0	7.0600000000000005	7.890000000000001	0.152	7.0600000000000005	7.890000000000001	0.152	7.0600000000000005	7.890000000000001	0.152	1.0
483.0	7.0600000000000005	8.17	0.488	7.0600000000000005	8.17	0.488	7.0600000000000005	8.17	0.488	1.0
484.0	7.08	6.8271428571428565	1.016	7.07	6.82	1.016	7.09	6.84	1.016	7.0
485.0	7.07	6.9	0.744	7.07	6.9	0.744	7.07	6.9	0.744	1.0
486.0	7.115254237288135	7.585423728813559	0.6381016949152543	7.07	7.5600000000000005	0.616	7.15	7.61	0.664	59.0
487.0	7.07	8.18	0.488	7.07	8.18	0.488	7.07	8.18	0.488	1.0
488.0	7.091	7.1035	2.096	7.08	7.09	2.08	7.11	7.12	2.104	20.0
489.0	7.115	6.9365	0.8976000000000001	7.09	6.92	0.896	7.15	6.96	0.904	20.0
490.0	7.171666666666667	7.0495833333333335	1.5451666666666668	7.09	7.03	1.52	7.21	7.07	1.56	48.0
491.0	7.1025	7.2375	0.752	7.09	7.23	0.752	7.11	7.24	0.752	4.0
492.0	7.101666666666667	7.958333333333334	1.1360000000000001	7.09	7.95	1.1360000000000001	7.11	7.97	1.1360000000000001	6.0
493.0	7.105	7.390000000000001	1.192	7.1000000000000005	7.390000000000001	1.192	7.11	7.390000000000001	1.192	2.0
494.0	7.1000000000000005	7.67	0.376	7.1000000000000005	7.67	0.376	7.1000000000000005	7.67	0.376	1.0
495.0	7.1000000000000005	7.73	0.34400000000000003	7.1000000000000005	7.73	0.34400000000000003	7.1000000000000005	7.73	0.34400000000000003	1.0
496.0	7.1000000000000005	8.23	0.856	7.1000000000000005	8.23	0.856	7.1000000000000005	8.23	0.856	1.0
497.0	7.11	7.11	2.112	7.11	7.11	2.112	7.11	7.11	2.112	1.0
498.0	7.11	7.140000000000001	2.032	7.11	7.140000000000001	2.032	7.11	7.140000000000001	2.032	1.0
499.0	7.11	7.68	0.372	7.11	7.68	0.368	7.11	7.68	0.376	2.0
500.0	7.11	7.72	0.352	7.11	7.72	0.352	7.11	7.72	0.352	1.0
501.0	7.1614516129032255	7.888024193548387	0.4569354838709677	7.11	7.86	0.424	7.21	7.92	0.488	248.0
502.0	7.116923076923078	8.033846153846154	0.6209230769230769	7.11	8.01	0.616	7.12	8.05	0.632	13.0
503.0	7.12	6.71	0.864	7.12	6.71	0.864	7.12	6.71	0.864	1.0
504.0	7.12	7.67	1.3760000000000001	7.12	7.67	1.3760000000000001	7.12	7.67	1.3760000000000001	1.0
505.0	7.12	7.69	0.368	7.12	7.69	0.368	7.12	7.69	0.368	1.0
506.0	7.12	7.805000000000001	0.336	7.12	7.8	0.336	7.12	7.8100000000000005	0.336	2.0
507.0	7.12	7.97	1.1440000000000001	7.12	7.97	1.1440000000000001	7.12	7.97	1.1440000000000001	1.0
508.0	7.162608695652174	8.120869565217392	0.8240869565217391	7.12	8.08	0.8	7.2	8.15	0.84	92.0
509.0	7.1431818181818185	7.529772727272728	0.5250909090909092	7.13	7.5	0.512	7.16	7.5600000000000005	0.544	44.0
510.0	7.151000000000001	7.69	0.16519999999999999	7.13	7.67	0.16	7.17	7.71	0.168	20.0
511.0	7.135	7.68	1.232	7.13	7.67	1.232	7.140000000000001	7.69	1.232	4.0
512.0	7.13	7.8	0.34400000000000003	7.13	7.8	0.34400000000000003	7.13	7.8	0.34400000000000003	1.0
513.0	7.174375	7.152708333333334	1.3285	7.140000000000001	7.13	1.312	7.2	7.18	1.336	48.0
514.0	7.15	7.7075000000000005	1.244	7.140000000000001	7.7	1.24	7.16	7.72	1.248	8.0
515.0	7.140000000000001	8.09	0.752	7.140000000000001	8.09	0.752	7.140000000000001	8.09	0.752	1.0
516.0	7.17	6.845	0.9406153846153846	7.15	6.83	0.936	7.19	6.86	0.9440000000000001	26.0
517.0	7.156666666666666	7.316666666666666	1.224	7.15	7.3100000000000005	1.224	7.16	7.32	1.224	3.0
518.0	7.15	8.01	0.744	7.15	8.01	0.744	7.15	8.01	0.744	1.0
519.0	7.165	7.87	1.1360000000000001	7.16	7.86	1.1360000000000001	7.17	7.88	1.1360000000000001	4.0
520.0	7.172000000000001	7.962000000000001	0.76	7.16	7.95	0.76	7.18	7.97	0.76	5.0
521.0	7.16	7.99	0.752	7.16	7.99	0.752	7.16	7.99	0.752	1.0
522.0	7.182142857142857	7.265714285714286	1.2125714285714286	7.17	7.25	1.208	7.19	7.28	1.224	14.0
523.0	7.17	7.3	1.224	7.17	7.3	1.224	7.17	7.3	1.224	1.0
524.0	7.201706161137442	7.515545023696683	0.6334786729857818	7.17	7.46	0.608	7.24	7.57	0.664	211.0
525.0	7.17	7.74	1.232	7.17	7.74	1.232	7.17	7.74	1.232	1.0
526.0	7.173333333333334	7.983333333333334	0.616	7.17	7.98	0.616	7.18	7.99	0.616	3.0
527.0	7.190909090909091	6.7736363636363635	0.7985454545454546	7.18	6.76	0.792	7.2	6.79	0.8	11.0
528.0	7.202019230769231	7.173701923076923	0.2633846153846155	7.18	7.140000000000001	0.216	7.23	7.21	0.328	208.0
529.0	7.18	7.1850000000000005	0.96	7.18	7.18	0.96	7.18	7.19	0.96	2.0
530.0	7.18	7.72	0.168	7.18	7.72	0.168	7.18	7.72	0.168	1.0
531.0	7.18	7.755	1.232	7.18	7.75	1.232	7.18	7.76	1.232	2.0
532.0	7.19	6.7700000000000005	0.336	7.19	6.7700000000000005	0.336	7.19	6.7700000000000005	0.336	1.0
533.0	7.196666666666666	6.826666666666666	1.016	7.19	6.82	1.016	7.2	6.83	1.016	3.0
534.0	7.195	6.91	1.024	7.19	6.91	1.024	7.2	6.91	1.024	2.0
535.0	7.19	7.41	0.504	7.19	7.41	0.504	7.19	7.41	0.504	1.0
536.0	7.2397319034852545	7.757882037533513	0.5371152815013401	7.19	7.7	0.512	7.32	7.83	0.584	373.0
537.0	7.19	7.775	1.232	7.19	7.7700000000000005	1.232	7.19	7.78	1.232	2.0
538.0	7.1985	8.056000000000001	0.5744	7.19	8.03	0.5680000000000001	7.21	8.08	0.5760000000000001	20.0
539.0	7.2	6.7	0.9400000000000001	7.2	6.7	0.936	7.2	6.7	0.9440000000000001	2.0
540.0	7.205	6.7250000000000005	0.20800000000000002	7.2	6.72	0.20800000000000002	7.21	6.73	0.20800000000000002	4.0
541.0	7.2075000000000005	7.0475	0.584	7.2	7.04	0.584	7.21	7.0600000000000005	0.584	4.0
542.0	7.205	7.05	1.6560000000000001	7.2	7.04	1.6560000000000001	7.21	7.0600000000000005	1.6560000000000001	6.0
543.0	7.2	7.19	1.016	7.2	7.19	1.016	7.2	7.19	1.016	1.0
544.0	7.2	7.42	0.504	7.2	7.42	0.504	7.2	7.42	0.504	1.0
545.0	7.21	7.04	0.264	7.21	7.04	0.264	7.21	7.04	0.264	1.0
546.0	7.21	7.05	1.496	7.21	7.05	1.496	7.21	7.05	1.496	1.0
547.0	7.2139999999999995	7.1579999999999995	1.304	7.21	7.15	1.304	7.22	7.17	1.304	5.0
548.0	7.212727272727273	7.4745454545454555	0.5243636363636364	7.21	7.45	0.52	7.22	7.49	0.528	11.0
549.0	7.230833333333334	7.632592592592593	0.5823703703703705	7.21	7.59	0.56	7.25	7.68	0.608	108.0
550.0	7.21375	7.8425	0.382	7.21	7.83	0.376	7.22	7.8500000000000005	0.392	8.0
551.0	7.21	7.94	0.528	7.21	7.94	0.528	7.21	7.94	0.528	1.0
552.0	7.22	6.7700000000000005	0.216	7.22	6.7700000000000005	0.216	7.22	6.7700000000000005	0.216	1.0
553.0	7.223333333333334	6.886666666666667	0.376	7.22	6.88	0.376	7.23	6.890000000000001	0.376	3.0
554.0	7.22	7.47	0.536	7.22	7.47	0.536	7.22	7.47	0.536	1.0
555.0	7.22	7.63	0.536	7.22	7.63	0.536	7.22	7.63	0.536	1.0
556.0	7.2225	7.83	0.336	7.22	7.82	0.336	7.23	7.84	0.336	4.0
557.0	7.254157303370787	7.8807865168539335	0.11217977528089888	7.22	7.83	0.10400000000000001	7.28	7.930000000000001	0.12	89.0
558.0	7.22	7.86	0.392	7.22	7.86	0.392	7.22	7.86	0.392	1.0
559.0	7.258214285714286	6.839642857142857	0.33	7.23	6.82	0.32	7.2700000000000005	6.87	0.336	28.0
560.0	7.23	7.155	1.296	7.23	7.15	1.296	7.23	7.16	1.296	2.0
561.0	7.26	7.340165289256198	0.195900826446281	7.23	7.3	0.176	7.3	7.390000000000001	0.216	121.0
562.0	7.23	7.78	0.76	7.23	7.78	0.76	7.23	7.78	0.76	1.0
563.0	7.243461538461538	7.908846153846154	0.9664615384615385	7.23	7.88	0.9520000000000001	7.26	7.930000000000001	0.984	26.0
564.0	7.243333333333334	7.386666666666667	1.176	7.24	7.38	1.176	7.25	7.390000000000001	1.176	3.0
565.0	7.25	7.582857142857144	0.984	7.24	7.57	0.984	7.26	7.59	0.984	7.0
566.0	7.255416666666666	7.6325	0.1386666666666666	7.24	7.61	0.128	7.2700000000000005	7.65	0.14400000000000002	24.0
567.0	7.332519788918206	7.794868073878628	0.7707440633245379	7.24	7.72	0.728	7.43	7.890000000000001	0.8320000000000001	758.0
568.0	7.24	8.22	0.616	7.24	8.22	0.616	7.24	8.22	0.616	1.0
569.0	7.2700000000000005	7.124545454545455	0.5255757575757577	7.25	7.11	0.512	7.29	7.140000000000001	0.536	33.0
570.0	7.25	7.23	0.84	7.25	7.23	0.84	7.25	7.23	0.84	1.0
571.0	7.25	7.890000000000001	1.2	7.25	7.890000000000001	1.2	7.25	7.890000000000001	1.2	1.0
572.0	7.25	7.915	0.496	7.25	7.91	0.496	7.25	7.92	0.496	2.0
573.0	7.26	8.2425	0.616	7.25	8.23	0.616	7.2700000000000005	8.26	0.616	8.0
574.0	7.285714285714286	6.9239999999999995	0.8278857142857142	7.26	6.9	0.8160000000000001	7.3	6.95	0.8320000000000001	35.0
575.0	7.26	7.18	0.848	7.26	7.18	0.848	7.26	7.18	0.848	1.0
576.0	7.27448275862069	7.357931034482759	0.7702068965517243	7.26	7.34	0.76	7.29	7.38	0.784	29.0
577.0	7.312183098591549	7.8195070422535204	0.6128450704225352	7.26	7.7700000000000005	0.6	7.3500000000000005	7.88	0.632	142.0
578.0	7.2700000000000005	7.34	0.848	7.2700000000000005	7.34	0.848	7.2700000000000005	7.34	0.848	1.0
579.0	7.2700000000000005	7.3500000000000005	0.8320000000000001	7.2700000000000005	7.3500000000000005	0.8320000000000001	7.2700000000000005	7.3500000000000005	0.8320000000000001	1.0
580.0	7.273333333333333	7.413333333333334	0.10400000000000001	7.2700000000000005	7.41	0.10400000000000001	7.28	7.42	0.10400000000000001	3.0
581.0	7.2700000000000005	8.21	0.872	7.2700000000000005	8.21	0.872	7.2700000000000005	8.21	0.872	1.0
582.0	7.28	7.43	0.112	7.28	7.43	0.112	7.28	7.43	0.112	1.0
583.0	7.29	6.885	0.84	7.29	6.88	0.84	7.29	6.890000000000001	0.84	2.0
584.0	7.304705882352941	6.962941176470588	0.7275294117647059	7.29	6.94	0.72	7.32	6.98	0.728	17.0
585.0	7.29	6.99	0.72	7.29	6.99	0.72	7.29	6.99	0.72	1.0
586.0	7.300909090909092	7.382727272727273	0.3250909090909091	7.29	7.37	0.304	7.3100000000000005	7.390000000000001	0.336	11.0
587.0	7.29	7.48	1.248	7.29	7.48	1.248	7.29	7.48	1.248	1.0
588.0	7.302941176470588	7.87	1.0207058823529411	7.29	7.86	1.016	7.32	7.88	1.024	17.0
589.0	7.315076923076923	7.277076923076923	0.5115076923076923	7.3	7.26	0.488	7.34	7.3	0.528	65.0
590.0	7.3100000000000005	7.28	1.288	7.3100000000000005	7.28	1.288	7.3100000000000005	7.28	1.288	1.0
591.0	7.32	6.9350000000000005	0.736	7.32	6.93	0.736	7.32	6.94	0.736	2.0
592.0	7.324	7.417999999999999	0.76	7.32	7.41	0.76	7.33	7.43	0.76	5.0
593.0	7.32	7.48	0.848	7.32	7.48	0.848	7.32	7.48	0.848	1.0
594.0	7.33	7.140000000000001	1.208	7.33	7.140000000000001	1.208	7.33	7.140000000000001	1.208	1.0
595.0	7.33	7.43	0.752	7.33	7.43	0.752	7.33	7.43	0.752	1.0
596.0	7.33	7.44	0.744	7.33	7.44	0.744	7.33	7.44	0.744	1.0
597.0	7.33	7.47	0.728	7.33	7.47	0.728	7.33	7.47	0.728	1.0
598.0	7.373372781065089	7.6427218934911245	0.5176331360946745	7.33	7.6000000000000005	0.48	7.41	7.67	0.544	169.0
599.0	7.33	7.8100000000000005	0.536	7.33	7.8100000000000005	0.536	7.33	7.8100000000000005	0.536	1.0
600.0	7.34	7.365	1.232	7.34	7.36	1.232	7.34	7.37	1.232	2.0
601.0	7.34	7.7250000000000005	0.728	7.34	7.72	0.728	7.34	7.73	0.728	2.0
602.0	7.361428571428571	7.941428571428571	0.9822857142857143	7.3500000000000005	7.92	0.976	7.37	7.97	0.984	14.0
603.0	7.36	7.78	0.2	7.36	7.78	0.2	7.36	7.78	0.2	1.0
604.0	7.3852	7.19	0.20128000000000001	7.37	7.18	0.184	7.41	7.2	0.216	25.0
605.0	7.375	7.25	0.856	7.37	7.24	0.856	7.38	7.26	0.856	4.0
606.0	7.386	7.776000000000001	0.496	7.37	7.7700000000000005	0.496	7.4	7.78	0.496	5.0
607.0	7.37	7.88	0.856	7.37	7.88	0.856	7.37	7.88	0.856	1.0
608.0	7.38	7.2	0.864	7.38	7.2	0.864	7.38	7.2	0.864	1.0
609.0	7.38	7.890000000000001	0.848	7.38	7.890000000000001	0.848	7.38	7.890000000000001	0.848	1.0
610.0	7.3825	7.98	0.968	7.38	7.97	0.968	7.390000000000001	7.99	0.968	4.0
611.0	7.389729729729729	8.04945945945946	0.2780540540540541	7.38	8.03	0.264	7.41	8.07	0.296	37.0
612.0	7.390000000000001	7.2	0.96	7.390000000000001	7.2	0.96	7.390000000000001	7.2	0.96	1.0
613.0	7.390000000000001	7.21	0.864	7.390000000000001	7.21	0.864	7.390000000000001	7.21	0.864	1.0
614.0	7.417999999999999	7.51	0.6165333333333333	7.4	7.49	0.616	7.44	7.53	0.624	15.0
615.0	7.4	7.79	0.744	7.4	7.79	0.744	7.4	7.79	0.744	1.0
616.0	7.405	7.865	1.1440000000000001	7.4	7.86	1.1440000000000001	7.41	7.87	1.1440000000000001	4.0
617.0	7.42	7.29	1.016	7.41	7.28	1.016	7.43	7.3	1.016	7.0
618.0	7.415	7.67	0.47200000000000003	7.41	7.67	0.47200000000000003	7.42	7.67	0.47200000000000003	2.0
619.0	7.426	7.804	0.744	7.41	7.8	0.744	7.44	7.8100000000000005	0.744	5.0
620.0	7.41	7.83	0.864	7.41	7.83	0.864	7.41	7.83	0.864	1.0
621.0	7.42	7.07	0.736	7.42	7.07	0.736	7.42	7.07	0.736	1.0
622.0	7.425	7.82	0.864	7.42	7.82	0.864	7.43	7.82	0.864	2.0
623.0	7.445964912280702	7.94438596491228	0.4945964912280702	7.42	7.92	0.48	7.47	7.98	0.512	57.0
624.0	7.430833333333334	7.990277777777778	0.6833333333333333	7.42	7.95	0.672	7.44	8.02	0.6960000000000001	36.0
625.0	7.495434083601286	7.639967845659164	1.2960771704180063	7.43	7.58	1.28	7.57	7.71	1.32	311.0
626.0	7.43	7.74	0.744	7.43	7.74	0.744	7.43	7.74	0.744	1.0
627.0	7.43	8.1	0.736	7.43	8.1	0.736	7.43	8.1	0.736	1.0
628.0	7.44	7.84	0.728	7.44	7.84	0.728	7.44	7.84	0.728	1.0
629.0	7.4887000000000015	7.3937	1.04544	7.45	7.3500000000000005	1.016	7.53	7.44	1.064	100.0
630.0	7.45	7.41	1.064	7.45	7.41	1.064	7.45	7.41	1.064	1.0
631.0	7.464666666666667	7.712666666666666	0.6538666666666667	7.45	7.7	0.648	7.48	7.73	0.656	15.0
632.0	7.45	7.82	0.736	7.45	7.82	0.736	7.45	7.82	0.736	1.0
633.0	7.455	7.83	0.728	7.45	7.83	0.728	7.46	7.83	0.728	2.0
634.0	7.45	7.890000000000001	0.8320000000000001	7.45	7.890000000000001	0.8320000000000001	7.45	7.890000000000001	0.8320000000000001	1.0
635.0	7.47	7.3	0.992	7.47	7.3	0.992	7.47	7.3	0.992	1.0
636.0	7.48	7.7700000000000005	0.968	7.48	7.7700000000000005	0.968	7.48	7.7700000000000005	0.968	1.0
637.0	7.4879999999999995	7.789	0.6880000000000001	7.48	7.7700000000000005	0.6880000000000001	7.5	7.8100000000000005	0.6880000000000001	10.0
638.0	7.49	7.69	0.656	7.49	7.69	0.656	7.49	7.69	0.656	1.0
639.0	7.52021052631579	7.719578947368421	0.5328842105263162	7.49	7.68	0.52	7.55	7.76	0.56	95.0
640.0	7.501818181818181	7.7681818181818185	0.9570909090909091	7.49	7.76	0.9520000000000001	7.51	7.78	0.96	11.0
641.0	7.49	7.78	0.968	7.49	7.78	0.968	7.49	7.78	0.968	1.0
642.0	7.566148867313916	7.422168284789644	0.9220711974110031	7.5	7.37	0.904	7.63	7.47	0.9440000000000001	309.0
643.0	7.531538461538462	7.5030769230769225	0.6932307692307693	7.51	7.48	0.6880000000000001	7.54	7.5200000000000005	0.712	26.0
644.0	7.51	7.54	0.76	7.51	7.54	0.76	7.51	7.54	0.76	1.0
645.0	7.523333333333333	7.446666666666666	0.56	7.5200000000000005	7.44	0.56	7.53	7.45	0.56	3.0
646.0	7.5200000000000005	7.5200000000000005	0.768	7.5200000000000005	7.5200000000000005	0.768	7.5200000000000005	7.5200000000000005	0.768	1.0
647.0	7.5200000000000005	7.53	0.76	7.5200000000000005	7.53	0.76	7.5200000000000005	7.53	0.76	1.0
648.0	7.5200000000000005	7.57	0.328	7.5200000000000005	7.57	0.328	7.5200000000000005	7.57	0.328	1.0
649.0	7.595408805031447	7.635345911949686	0.8692830188679246	7.5200000000000005	7.5600000000000005	0.856	7.640000000000001	7.71	0.88	159.0
650.0	7.5537931034482755	7.918620689655172	0.24082758620689654	7.5200000000000005	7.91	0.224	7.58	7.930000000000001	0.256	29.0
651.0	7.53	7.51	0.768	7.53	7.51	0.768	7.53	7.51	0.768	1.0
652.0	7.54764705882353	7.618235294117648	0.9348235294117646	7.53	7.59	0.92	7.57	7.640000000000001	0.9520000000000001	34.0
653.0	7.53	7.66	0.68	7.53	7.66	0.68	7.53	7.66	0.68	1.0
654.0	7.53	7.675	0.6880000000000001	7.53	7.67	0.6880000000000001	7.53	7.68	0.6880000000000001	2.0
655.0	7.53	7.8	1.464	7.53	7.79	1.464	7.53	7.8100000000000005	1.464	3.0
656.0	7.55	7.817142857142857	1.456	7.54	7.8100000000000005	1.456	7.5600000000000005	7.83	1.456	7.0
657.0	7.55	7.57	0.16	7.55	7.57	0.16	7.55	7.57	0.16	1.0
658.0	7.603030303030303	7.568787878787879	0.2029090909090909	7.55	7.55	0.168	7.63	7.59	0.256	99.0
659.0	7.567142857142857	7.7942857142857145	1.432	7.5600000000000005	7.78	1.432	7.58	7.8100000000000005	1.432	7.0
660.0	7.5725	8.09	0.32066666666666677	7.5600000000000005	8.06	0.304	7.59	8.11	0.328	36.0
661.0	7.57	7.71	0.336	7.57	7.71	0.336	7.57	7.71	0.336	1.0
662.0	7.58	8.11	0.276	7.58	8.11	0.272	7.58	8.11	0.28	2.0
663.0	7.59	7.47	1.3920000000000001	7.59	7.47	1.3920000000000001	7.59	7.47	1.3920000000000001	1.0
664.0	7.617000000000001	7.479	1.224	7.6000000000000005	7.46	1.224	7.63	7.49	1.224	10.0
665.0	7.65	7.59	0.6814545454545455	7.640000000000001	7.58	0.672	7.66	7.6000000000000005	0.6880000000000001	11.0
666.0	7.65	7.6000000000000005	1.104	7.65	7.6000000000000005	1.104	7.65	7.6000000000000005	1.104	1.0
667.0	7.67	7.385	0.584	7.67	7.38	0.584	7.67	7.390000000000001	0.584	2.0
668.0	7.68	7.38	0.592	7.68	7.38	0.592	7.68	7.38	0.592	1.0
669.0	7.723333333333334	7.403333333333334	1.016	7.72	7.4	1.016	7.73	7.41	1.016	3.0
